species,common_name,iucn_redlist_status,sensor_types
Gorilla gorilla,Western Gorilla,Critically Endangered,"Camera, eDNA"
Loxodonta cyclotis,African Forest Elephant,Critically Endangered,"Camera, eDNA"
Enteromius condei,Enteromius condei,Data Deficient,eDNA
Oryctolagus cuniculus,European Rabbit,Endangered,eDNA
Pan troglodytes,Chimpanzee,Endangered,Camera
Parananochromis ornatus,Parananochromis ornatus,Endangered,eDNA
Psittacus erithacus,Grey Parrot,Endangered,"Bioacoustic, Camera, eDNA"
Smutsia gigantea,Giant Ground Pangolin,Endangered,"Camera, eDNA"
Stomatorhinus ivindoensis,Stomatorhinus ivindoensis,Endangered,eDNA
Acrocephalus scirpaceus,Common Reed-warbler,Least Concern,Bioacoustic
Agelastes niger,Black Guineafowl,Least Concern,Camera
Alestes macrophthalmus,Torpedo Robber,Least Concern,eDNA
Alethe castanea,Fire-crested Alethe,Least Concern,"Bioacoustic, Camera"
Alexteroon hypsiphonus,Alexteroon hypsiphonus,Least Concern,eDNA
Anomalurus derbianus,Lord Derby's Scaly-tailed Squirrel,Least Concern,eDNA
Apalis flavida,Yellow-breasted Apalis,Least Concern,Bioacoustic
Apalis rufogularis,Buff-throated Apalis,Least Concern,"Bioacoustic, Camera"
Apus apus,Common Swift,Least Concern,Bioacoustic
Apus caffer,White-rumped Swift,Least Concern,Camera
Arctocebus aureus,Golden Angwantibo,Least Concern,eDNA
Ardea alba,Great White Egret,Least Concern,Camera
Atherurus africanus,African Brush-tailed Porcupine,Least Concern,"Camera, eDNA"
Atilax paludinosus,Marsh Mongoose,Least Concern,"Camera, eDNA"
Baeopogon clamans,White-tailed Greenbul,Least Concern,"Bioacoustic, Camera"
Baeopogon indicator,Honeyguide Greenbul,Least Concern,"Bioacoustic, Camera"
Bathmocercus rufus,Black-faced Rufous-warbler,Least Concern,Bioacoustic
Batis molitor,Chinspot Batis,Least Concern,Bioacoustic
Bdeogale nigripes,Black-legged Mongoose,Least Concern,Camera
Bias musicus,Black-and-white Shrike-flycatcher,Least Concern,Camera
Bleda notatus,Yellow-lored Bristlebill,Least Concern,"Bioacoustic, Camera"
Bleda syndactylus,Red-tailed Bristlebill,Least Concern,"Bioacoustic, Camera"
Bostrychia hagedash,Hadada Ibis,Least Concern,Bioacoustic
Boulengeromyrus knoepffleri,Boulengeromyrus knoepffleri,Least Concern,eDNA
Brachypodius fuscoflavescens,Andaman Bulbul,Least Concern,Bioacoustic
Brycinus kingsleyae,Brycinus kingsleyae,Least Concern,eDNA
Brycinus opisthotaenia,Brycinus opisthotaenia,Least Concern,eDNA
Buccanodon duchaillui,Eastern Yellow-spotted Barbet,Least Concern,Bioacoustic
Burhinus capensis,Spotted Thick-knee,Least Concern,Camera
Butorides striata,Green-backed Heron,Least Concern,Bioacoustic
Bycanistes albotibialis,White-thighed Hornbill,Least Concern,"Bioacoustic, Camera"
Calidris alba,Sanderling,Least Concern,Camera
Calyptocichla serinus,Golden Greenbul,Least Concern,Camera
Camaroptera brachyura,Bleating Camaroptera,Least Concern,Bioacoustic
Camaroptera chloronota,Olive-green Camaroptera,Least Concern,"Bioacoustic, Camera"
Camaroptera superciliaris,Yellow-browed Camaroptera,Least Concern,"Bioacoustic, Camera"
Caprimulgus batesi,Bates's Nightjar,Least Concern,Bioacoustic
Caprimulgus europaeus,European Nightjar,Least Concern,"Bioacoustic, Camera"
Caprimulgus pectoralis,Fiery-necked Nightjar,Least Concern,Camera
Cardioglossa gracilis,Cardioglossa gracilis,Least Concern,eDNA
Cephalophorus callipygus,Cephalophorus callipygus,Least Concern,eDNA
Cephalophorus nigrifrons,Cephalophorus nigrifrons,Least Concern,eDNA
Cephalophus callipygus,Peters' Duiker,Least Concern,Camera
Cephalophus dorsalis,Bay Duiker,Least Concern,"Camera, eDNA"
Cephalophus leucogaster,White-bellied Duiker,Least Concern,Camera
Ceratogymna atrata,Black-casqued Hornbill,Least Concern,"Bioacoustic, Camera"
Cercococcyx mechowi,Dusky Long-tailed Cuckoo,Least Concern,Camera
Cercococcyx olivinus,Olive Long-tailed Cuckoo,Least Concern,"Bioacoustic, Camera"
Cercopithecus cephus,Moustached Monkey,Least Concern,"Camera, eDNA"
Cercopithecus neglectus,De Brazza’s Monkey,Least Concern,eDNA
Cercopithecus pogonias,Crowned Monkey,Least Concern,eDNA
Charadrius dubius,Little Ringed Plover,Least Concern,Camera
Chilochromis duponti,Chilochromis duponti,Least Concern,eDNA
Chlorophoneus sulfureopectus,Orange-breasted Bush-shrike,Least Concern,Bioacoustic
Chrysichthys nigrodigitatus,Bagrid Catfish,Least Concern,eDNA
Chrysococcyx cupreus,African Emerald Cuckoo,Least Concern,"Bioacoustic, Camera"
Cisticola erythrops,Red-faced Cisticola,Least Concern,Bioacoustic
Cisticola lateralis,Whistling Cisticola,Least Concern,Bioacoustic
Civettictis civetta,African Civet,Least Concern,"Camera, eDNA"
Clarias camerunensis,Clarias camerunensis,Least Concern,eDNA
Clarias gabonensis,Clarias gabonensis,Least Concern,eDNA
Colobus guereza,Guereza,Least Concern,eDNA
Corythaeola cristata,Great Blue Turaco,Least Concern,"Bioacoustic, Camera, eDNA"
Cossypha natalensis,Red-capped Robin-chat,Least Concern,Camera
Cricetomys gambianus,Northern Giant Pouched Rat,Least Concern,eDNA
Criniger calurus,Red-tailed Greenbul,Least Concern,"Bioacoustic, Camera"
Criniger chloronotus,Eastern Bearded Greenbul,Least Concern,Camera
Criniger ndussumensis,White-bearded Greenbul,Least Concern,Camera
Crocidura dolichura,Crocidura dolichura,Least Concern,eDNA
Crocidura grassei,Crocidura grassei,Least Concern,eDNA
Crocuta crocuta,Spotted Hyaena,Least Concern,Camera
Cuculus clamosus,Black Cuckoo,Least Concern,"Bioacoustic, Camera"
Cuculus solitarius,Red-chested Cuckoo,Least Concern,"Bioacoustic, Camera"
Cyanograucalus azureus,Blue Cuckooshrike,Least Concern,Camera
Cyanomitra cyanolaema,Blue-throated Brown Sunbird,Least Concern,"Bioacoustic, Camera"
Cyanomitra olivacea,Olive Sunbird,Least Concern,"Bioacoustic, Camera"
Cypsiurus parvus,African Palm-swift,Least Concern,Bioacoustic
Deleornis fraseri,Fraser's Sunbird,Least Concern,Bioacoustic
Dicrurus adsimilis,Fork-tailed Drongo,Least Concern,Bioacoustic
Dicrurus atripennis,Shining Drongo,Least Concern,"Bioacoustic, Camera"
Distichodus hypostomatus,Distichodus hypostomatus,Least Concern,eDNA
Distichodus notospilus,Distichodus notospilus,Least Concern,eDNA
Divandu albimarginatus,Divandu albimarginatus,Least Concern,eDNA
Doryrhina cyclops,Doryrhina cyclops,Least Concern,eDNA
Dryoscopus gambensis,Northern Puffback,Least Concern,Camera
Dryoscopus senegalensis,Red-eyed Puffback,Least Concern,Bioacoustic
Dyaphorophyia castanea,Chestnut Wattle-eye,Least Concern,"Bioacoustic, Camera"
Egretta garzetta,Little Egret,Least Concern,Camera
Encrasicholina punctifer,Buccaneer anchovy,Least Concern,eDNA
Enteromius brazzai,Enteromius brazzai,Least Concern,eDNA
Epiplatys neumanni,Epiplatys neumanni,Least Concern,eDNA
Eurillas curvirostris,Plain Greenbul,Least Concern,Bioacoustic
Eurillas gracilis,Grey Greenbul,Least Concern,Camera
Eurillas latirostris,Yellow-whiskered Greenbul,Least Concern,"Bioacoustic, Camera, eDNA"
Eurillas virens,Little Greenbul,Least Concern,"Bioacoustic, Camera"
Eurystomus gularis,Blue-throated Roller,Least Concern,Camera
Falco peregrinus,Peregrine Falcon,Least Concern,Camera
Fraseria griseigularis,Grey-throated Tit-flycatcher,Least Concern,Camera
Glaucidium sjostedti,Sjostedt's Owlet,Least Concern,Camera
Guttera plumifera,Plumed Guineafowl,Least Concern,Camera
Halcyon albiventris,Brown-hooded Kingfisher,Least Concern,Camera
Halcyon badia,Chocolate-backed Kingfisher,Least Concern,"Bioacoustic, Camera"
Halcyon malimbica,Blue-breasted Kingfisher,Least Concern,"Bioacoustic, Camera"
Haliaeetus vocifer,Haliaeetus vocifer,Least Concern,Bioacoustic
Hemichromis elongatus,Banded Jewel Cichlid,Least Concern,eDNA
Hemichromis fasciatus,Banded Jewelfish,Least Concern,eDNA
Hepsetus kingsleyae,Kafue Pike,Least Concern,eDNA
Himantornis haematopus,Nkulengu Rail,Least Concern,Camera
Homo sapiens,Human,Least Concern,Camera
Horizocerus albocristatus,Western Long-tailed Hornbill,Least Concern,Bioacoustic
Horizocerus cassini,Eastern Long-tailed Hornbill,Least Concern,Camera
Hyemoschus aquaticus,Water Chevrotain,Least Concern,"Camera, eDNA"
Hylia prasina,Green Hylia,Least Concern,"Bioacoustic, Camera"
Hylomyscus alleni,Hylomyscus alleni,Least Concern,eDNA
Hylomyscus stella,Hylomyscus stella,Least Concern,eDNA
Hyperolius ocellatus,Hyperolius ocellatus,Least Concern,eDNA
Hypsignathus monstrosus,Hammer-headed Fruit Bat,Least Concern,eDNA
Illadopsis cleaveri,Black-capped Illadopsis,Least Concern,"Bioacoustic, Camera"
Illadopsis fulvescens,Brown Illadopsis,Least Concern,"Bioacoustic, Camera"
Illadopsis rufipennis,Pale-breasted Illadopsis,Least Concern,Camera
Indicator exilis,Least Honeyguide,Least Concern,Camera
Isichthys henryi,Isichthys henryi,Least Concern,eDNA
Ispidina picta,African Pygmy-kingfisher,Least Concern,Bioacoustic
Ivindomyrus marchei,Ivindomyrus marchei,Least Concern,eDNA
Ixobrychus minutus,Common Little Bittern,Least Concern,Camera
Ixonotus guttatus,Spotted Greenbul,Least Concern,"Bioacoustic, Camera"
Labeo batesii,Labeo batesii,Least Concern,eDNA
Labeo chrysophekadion,Black Sharkminnow,Least Concern,eDNA
Labeobarbus compiniei,Labeobarbus compiniei,Least Concern,eDNA
Larus dominicanus,Kelp Gull,Least Concern,Camera
Larus fuscus,Lesser Black-backed Gull,Least Concern,Camera
Leptopelis rufus,Red Treefrog,Least Concern,eDNA
Lophoceros camurus,Dwarf Hornbill,Least Concern,"Bioacoustic, Camera"
Lophoceros fasciatus,Congo Pied Hornbill,Least Concern,Bioacoustic
Macrosphenus concolor,Grey Longbill,Least Concern,"Bioacoustic, Camera"
Macrosphenus flavicans,Yellow Longbill,Least Concern,"Bioacoustic, Camera"
Marcusenius moorii,Marcusenius moorii,Least Concern,eDNA
Megaceryle maxima,Giant Kingfisher,Least Concern,Bioacoustic
Melichneutes robustus,Lyre-tailed Honeyguide,Least Concern,Bioacoustic
Merops apiaster,European Bee-eater,Least Concern,"Bioacoustic, Camera"
Microctenopoma nanum,Dwarf Ctenopoma,Least Concern,eDNA
Miopithecus ogouensis,Northern Talapoin Monkey,Least Concern,eDNA
Mormyrops nigricans,Mormyrops nigricans,Least Concern,eDNA
Muscicapa striata,Spotted Flycatcher,Least Concern,Bioacoustic
Nandinia binotata,African Palm Civet,Least Concern,"Camera, eDNA"
Nannaethiops unitaeniatus,Oneline Tetra,Least Concern,eDNA
Nannocharax maculicauda,Nannocharax maculicauda,Least Concern,eDNA
Neocossyphus rufus,Red-tailed Ant-thrush,Least Concern,"Bioacoustic, Camera"
Neolebias trewavasae,Neolebias trewavasae,Least Concern,eDNA
Nicator chloris,Western Nicator,Least Concern,"Bioacoustic, Camera"
Nicator vireo,Yellow-throated Nicator,Least Concern,"Bioacoustic, Camera"
Nigrita canicapillus,Grey-headed Nigrita,Least Concern,Camera
Numenius phaeopus,Whimbrel,Least Concern,Camera
Oenomys hypoxanthus,Oenomys hypoxanthus,Least Concern,eDNA
Opsaridium ubangiense,Opsaridium ubangiense,Least Concern,eDNA
Oreochromis schwebischi,Oreochromis schwebischi,Least Concern,eDNA
Oriolus brachyrynchus,Western Black-headed Oriole,Least Concern,"Bioacoustic, Camera"
Orycteropus afer,Aardvark,Least Concern,"Camera, eDNA"
Parachanna obscura,Snake-head,Least Concern,eDNA
Parakneria abbreviata,Parakneria abbreviata,Least Concern,eDNA
Parananochromis longirostris,Parananochromis longirostris,Least Concern,eDNA
Peliperdix lathami,Forest Francolin,Least Concern,Camera
Petrocephalus microphthalmus,Petrocephalus microphthalmus,Least Concern,eDNA
Petrocephalus simus,Petrocephalus simus,Least Concern,eDNA
Petrocephalus sullivani,Petrocephalus sullivani,Least Concern,eDNA
Philantomba monticola,Blue Duiker,Least Concern,"Camera, eDNA"
Phyllastrephus icterinus,Icterine Greenbul,Least Concern,"Bioacoustic, Camera"
Phyllastrephus xavieri,Xavier's Greenbul,Least Concern,"Bioacoustic, Camera"
Phylloscopus budongoensis,Uganda Woodland-warbler,Least Concern,Bioacoustic
Phylloscopus sibilatrix,Wood Warbler,Least Concern,Bioacoustic
Pitta reichenowi,Green-breasted Pitta,Least Concern,Camera
Platysteira cyanea,Brown-throated Wattle-eye,Least Concern,"Bioacoustic, Camera"
Ploceus xanthops,Holub's Golden Weaver,Least Concern,Bioacoustic
Pluvialis squatarola,Grey Plover,Least Concern,Camera
Podica senegalensis,African Finfoot,Least Concern,Camera
Pogoniulus scolopaceus,Speckled Tinkerbird,Least Concern,"Bioacoustic, Camera"
Pogoniulus subsulphureus,Yellow-throated Tinkerbird,Least Concern,"Bioacoustic, Camera"
Potamochoerus porcus,Red River Hog,Least Concern,"Camera, eDNA"
Prinia bairdii,Banded Prinia,Least Concern,Bioacoustic
Prionops rufiventris,Rufous-bellied Helmetshrike,Least Concern,Camera
Protoxerus stangeri,Forest giant squirrel,Least Concern,Camera
Pycnonotus barbatus,Common Bulbul,Least Concern,Bioacoustic
Raiamas buchholzi,Raiamas buchholzi,Least Concern,eDNA
Rattus rattus,House Rat,Least Concern,eDNA
Sarothrura pulchra,White-spotted Flufftail,Least Concern,Bioacoustic
Sarothrura rufa,Red-chested Flufftail,Least Concern,"Bioacoustic, Camera"
Schilbe laticeps,Schilbe laticeps,Least Concern,eDNA
Sclerophrys gracilipes,French Congo Toad,Least Concern,eDNA
Scotonycteris bergmansi,Bergmans’s Fruit Bat,Least Concern,eDNA
Scotopelia bouvieri,Vermiculated Fishing-owl,Least Concern,Camera
Smithornis capensis,African Broadbill,Least Concern,Bioacoustic
Smithornis rufolateralis,Rufous-sided Broadbill,Least Concern,"Bioacoustic, Camera"
Smithornis sharpei,Smithornis sharpei,Least Concern,Camera
Spatula querquedula,Garganey,Least Concern,Camera
Spermestes bicolor,Black-and-white Mannikin,Least Concern,Camera
Stelgidillas gracilirostris,Slender-billed Greenbul,Least Concern,"Bioacoustic, Camera"
Stercorarius parasiticus,Arctic Jaeger,Least Concern,Camera
Sterna paradisaea,Arctic Tern,Least Concern,Camera
Stiphrornis erythrothorax,Orange-breasted Forest-robin,Least Concern,Bioacoustic
Stizorhina fraseri,Rufous Flycatcher-thrush,Least Concern,"Bioacoustic, Camera"
Strix woodfordii,African Wood-owl,Least Concern,"Bioacoustic, Camera"
Sylvietta virens,Green Crombec,Least Concern,"Bioacoustic, Camera"
Sylvisorex ollula,Forest Musk Shrew,Least Concern,eDNA
Synodontis batesii,Synodontis batesii,Least Concern,eDNA
Tauraco macrorhynchus,Yellow-billed Turaco,Least Concern,"Bioacoustic, Camera"
Tauraco persa,Green Turaco,Least Concern,"Bioacoustic, Camera"
Terpsiphone batesi,Bates's Paradise-flycatcher,Least Concern,Camera
Terpsiphone rufiventer,Red-bellied Paradise-flycatcher,Least Concern,"Bioacoustic, Camera"
Terpsiphone viridis,African Paradise-flycatcher,Least Concern,Bioacoustic
Thalasseus sandvicensis,Sandwich Tern,Least Concern,Camera
Trachylaemus purpuratus,Eastern Yellow-billed Barbet,Least Concern,"Bioacoustic, Camera"
Tragelaphus spekii,Sitatunga,Least Concern,eDNA
Trichobatrachus robustus,Hairy Frog,Least Concern,eDNA
Tricholaema hirsuta,Hairy-breasted Barbet,Least Concern,Bioacoustic
Tringa totanus,Common Redshank,Least Concern,Camera
Turtur brehmeri,Blue-headed Wood-dove,Least Concern,Bioacoustic
Turtur tympanistria,Tambourine Dove,Least Concern,Bioacoustic
Tyto alba,Common Barn-owl,Least Concern,"Bioacoustic, Camera"
Veles binotatus,Brown Nightjar,Least Concern,Bioacoustic
Xenogale naso,Xenogale naso,Least Concern,eDNA
Xenomystus nigri,African Knifefish,Least Concern,eDNA
Xenopus mellotropicalis,Cameroon Clawed Frog,Least Concern,eDNA
Aonyx capensis,African Clawless Otter,Near Threatened,eDNA
Calidris canutus,Red Knot,Near Threatened,"Bioacoustic, Camera"
Casinycteris ophiodon,Casinycteris ophiodon,Near Threatened,eDNA
Cephalophus silvicultor,Yellow-backed Duiker,Near Threatened,"Camera, eDNA"
Cercopithecus nictitans,Putty-nosed Monkey,Near Threatened,Camera
Hydrictis maculicollis,Spotted-necked Otter,Near Threatened,eDNA
Stephanoaetus coronatus,Crowned Eagle,Near Threatened,Camera
Syncerus caffer,African Buffalo,Near Threatened,"Camera, eDNA"
Amalotermes phaeocephalus,Amalotermes phaeocephalus,Not Evaluated,eDNA
Capra hircus,Domestic goat,Not Evaluated,eDNA
Coptodon tholloni,Coptodon tholloni,Not Evaluated,eDNA
Craspedacusta sowerbii,Craspedacusta sowerbii,Not Evaluated,eDNA
Hylarana albolabris,Hylarana albolabris,Not Evaluated,eDNA
Mastacembelus marchei,Mastacembelus marchei,Not Evaluated,eDNA
Microcerotermes parvus,Microcerotermes parvus,Not Evaluated,eDNA
Nasutitermes diabolus,Nasutitermes diabolus,Not Evaluated,eDNA
Pelmatolapia cabrae,Pelmatolapia cabrae,Not Evaluated,eDNA
Pseudacanthotermes militaris,Pseudacanthotermes militaris,Not Evaluated,eDNA
Schedorhinotermes lamanianus,Schedorhinotermes lamanianus,Not Evaluated,eDNA
Sphaerotermes sphaerothorax,Sphaerotermes sphaerothorax,Not Evaluated,eDNA
Spongilla lacustris,Spongilla lacustris,Not Evaluated,eDNA
Xenocharax spilurus,Xenocharax spilurus,Not Evaluated,eDNA
Caracal aurata,African Golden Cat,Vulnerable,Camera
Chromidotilapia regani,Chromidotilapia regani,Vulnerable,eDNA
Grasseichthys gabonensis,Grasseichthys gabonensis,Vulnerable,eDNA
Lophocebus albigena,Grey-cheeked Mangabey,Vulnerable,Camera
Mandrillus sphinx,Mandrill,Vulnerable,"Camera, eDNA"
Osteolaemus tetraspis,African Dwarf Crocodile,Vulnerable,eDNA
Panthera pardus,Leopard,Vulnerable,"Camera, eDNA"
Paramormyrops gabonensis,Paramormyrops gabonensis,Vulnerable,eDNA
Paramormyrops hopkinsi,Paramormyrops hopkinsi,Vulnerable,eDNA
Parananochromis brevirostris,Parananochromis brevirostris,Vulnerable,eDNA
